Model,Accuracy,Precision,Recall,F1 Score,ROC AUC
LightGBM (Tuned),0.656,0.3619047619047619,0.1896838602329451,0.24890829694323144,0.48893492975134367
Gradient Boosting (Tuned),0.651,0.33447098976109213,0.16306156405990016,0.21923937360178972,0.4874220830424394
Voting Ensemble,0.648,0.33650793650793653,0.17637271214642264,0.2314410480349345,0.4868844991490237
Stacking Ensemble,0.6385,0.32865168539325845,0.194675540765391,0.2445141065830721,0.4892608102531045
Random Forest (Tuned),0.6335,0.324468085106383,0.20299500831946754,0.24974411463664278,0.49883384732855296
XGBoost (Tuned),0.6115,0.3103448275862069,0.23960066555740434,0.2704225352112676,0.48777888651152057
